n, temps moyen, satisfaction moyenne, satisfaction minimum, satisfaction maximum
10, 0,  7.69587,  4.77701102134,  9.98019485689
50, 0.021,  8.90054,  7.02335311664,  9.98557572002
100, 0.07,  9.18693,  7.06922191129,  9.98258994542
500, 5.844,  9.64279,  8.78818848224,  9.99556314516
1000, 33.023,  9.74541,  9.0636041877,  9.99888703089
