n, temps moyen, satisfaction moyenne, satisfaction minimum, satisfaction maximum
10, 0,  7.69641,  4.68525984078,  9.88840970812
50, 0.022,  8.91893,  6.98608557939,  9.96291213496
100, 0.07,  9.2037,  7.37051412521,  9.97975949946
500, 5.837,  9.64008,  8.64648636468,  9.99484313545
1000, 40.595,  9.74462,  9.1191143598,  9.99890280968
